{
  "generatedAt": "2026-01-24T06:32:50.323Z",
  "environment": {
    "hostname": "hans-Mac-Pro.local",
    "platform": "darwin",
    "release": "25.2.0",
    "arch": "x64",
    "nodeVersion": "v22.21.1",
    "cpuCount": 8,
    "totalMemoryGb": 48
  },
  "metrics": {
    "sandboxStartup": {
      "available": true,
      "avgMs": 0.38839677999999594,
      "p50Ms": 0.3360649999999623,
      "p95Ms": 0.5758660000000191,
      "p99Ms": 1.796479999999974,
      "minMs": 0.2877449999999726,
      "maxMs": 1.796479999999974,
      "iterations": 50
    },
    "eventLogAppend": {
      "avgMs": 0.9747684989999988,
      "p50Ms": 0.8410250000000588,
      "p95Ms": 1.6791709999999966,
      "p99Ms": 3.187238999999863,
      "minMs": 0.7459900000000061,
      "maxMs": 11.217526999999905,
      "iterations": 1000
    },
    "checkpointSave": {
      "avgMs": 4.1607335100000045,
      "p50Ms": 3.613021000000117,
      "p95Ms": 8.197145999999975,
      "p99Ms": 11.89974200000006,
      "minMs": 1.6389119999998911,
      "maxMs": 14.748781999999892,
      "iterations": 100,
      "backend": "native",
      "checkpointCount": 100,
      "messagesPerCheckpoint": 25
    },
    "checkpointLoad": {
      "avgMs": 1.3368856299999878,
      "p50Ms": 1.2337360000001354,
      "p95Ms": 2.9546100000002298,
      "p99Ms": 5.709888999999748,
      "minMs": 0.1733950000002551,
      "maxMs": 5.72282099999984,
      "iterations": 100,
      "backend": "native",
      "checkpointCount": 100,
      "messagesPerCheckpoint": 25
    },
    "tokenCounting": {
      "avgMs": 10.787429680000029,
      "p50Ms": 9.64127899999994,
      "p95Ms": 14.851936000000023,
      "p99Ms": 22.935304000000542,
      "minMs": 7.32796000000053,
      "maxMs": 101.59047499999997,
      "iterations": 200,
      "tokensPerSample": 10000,
      "avgMsPer10kTokens": 10.7874,
      "p99MsPer10kTokens": 22.9353,
      "backend": "native"
    },
    "diffPatch": {
      "avgMs": 10.814931505000027,
      "p50Ms": 9.585429999999178,
      "p95Ms": 12.637932999999975,
      "p99Ms": 16.249957999999424,
      "minMs": 8.925627000000532,
      "maxMs": 107.93735599999945,
      "iterations": 200,
      "backend": "native",
      "lineCount": 2000
    },
    "symbolQuery": {
      "avgMs": 8.164740931999953,
      "p50Ms": 0.01417799999944691,
      "p95Ms": 49.72038999999859,
      "p99Ms": 52.82865899999888,
      "minMs": 0.0077729999993607635,
      "maxMs": 59.04666100000031,
      "iterations": 500,
      "backend": "native",
      "symbolCount": 10000
    },
    "spoolerMemory": {
      "heapDeltaMb": {
        "avgMb": 2.0884336471557616,
        "p50Mb": 2.3565139770507812,
        "p95Mb": 2.3822555541992188,
        "p99Mb": 2.3878250122070312,
        "minMb": 0,
        "maxMb": 2.3878250122070312,
        "iterations": 40
      },
      "rssDeltaMb": {
        "avgMb": 0.92958984375,
        "p50Mb": 1.03125,
        "p95Mb": 1.03515625,
        "p99Mb": 1.06640625,
        "minMb": 0,
        "maxMb": 1.06640625,
        "iterations": 40
      },
      "outputBytes": 524320
    }
  },
  "bench": {
    "cache": [
      {
        "name": "utils/LRUCache :: insert",
        "iterations": 20,
        "avgMs": 6.368,
        "opsPerSec": 157.05,
        "memDeltaMb": 0.59
      },
      {
        "name": "utils/LRUCache :: read (50% hit)",
        "iterations": 20,
        "avgMs": 0.852,
        "opsPerSec": 1174.04
      },
      {
        "name": "utils/LRUCache :: evict",
        "iterations": 20,
        "avgMs": 0.707,
        "opsPerSec": 1415.1
      },
      {
        "name": "naive Map :: insert",
        "iterations": 20,
        "avgMs": 6.872,
        "opsPerSec": 145.53
      },
      {
        "name": "naive Map :: read (50% hit)",
        "iterations": 20,
        "avgMs": 0.332,
        "opsPerSec": 3015.22
      },
      {
        "name": "naive Map :: evict",
        "iterations": 20,
        "avgMs": 0.511,
        "opsPerSec": 1958.25
      },
      {
        "name": "lru-cache :: insert",
        "iterations": 20,
        "avgMs": 2.614,
        "opsPerSec": 382.63,
        "memDeltaMb": 1.08
      },
      {
        "name": "lru-cache :: read (50% hit)",
        "iterations": 20,
        "avgMs": 1.12,
        "opsPerSec": 893.11
      },
      {
        "name": "lru-cache :: evict",
        "iterations": 20,
        "avgMs": 0.5,
        "opsPerSec": 2000.43
      }
    ]
  }
}
